shift_date,market,utilization_percent
2017-02-01,1-BAY,38.66077
2017-02-01,2-NY,23.18104
2017-02-01,4-LA,24.99593
2017-02-01,5-CHI,17.69063
2017-02-01,6-DAL,24.4598
2017-02-01,7-HOU,30.73516
2017-02-01,8-ATL,30.33796
2017-02-01,9-MIA,25.15676
2017-01-31,1-BAY,28.60172
2017-01-31,2-NY,28.61316
2017-01-31,4-LA,32.19369
2017-01-31,5-CHI,26.48962
2017-01-31,6-DAL,42.47687
2017-01-31,7-HOU,42.31541
2017-01-31,8-ATL,26.80891
2017-01-31,9-MIA,29.26247
2017-01-30,1-BAY,37.56714
2017-01-30,2-NY,22.72469
2017-01-30,4-LA,27.5743
2017-01-30,5-CHI,29.0821
2017-01-30,6-DAL,41.25461
2017-01-30,7-HOU,43.35875
2017-01-30,8-ATL,26.98841
2017-01-30,9-MIA,36.839
2017-01-29,1-BAY,42.20035
2017-01-29,2-NY,24.66507
2017-01-29,4-LA,51.29248
2017-01-29,5-CHI,18.35593
2017-01-29,6-DAL,36.90474
2017-01-29,7-HOU,38.10829
2017-01-29,8-ATL,32.98761
2017-01-29,9-MIA,29.85669
2017-01-28,1-BAY,43.77043
2017-01-28,2-NY,29.28605
2017-01-28,4-LA,34.2607
2017-01-28,5-CHI,26.26508
2017-01-28,6-DAL,43.45784
2017-01-28,7-HOU,43.74028
2017-01-28,8-ATL,29.39807
2017-01-28,9-MIA,17.62026
2017-01-27,1-BAY,35.27659
2017-01-27,2-NY,37.52466
2017-01-27,4-LA,45.93594
2017-01-27,5-CHI,43.21542
2017-01-27,6-DAL,33.43241
2017-01-27,7-HOU,37.48389
2017-01-27,8-ATL,45.01289
2017-01-27,9-MIA,25.08777
2017-01-26,1-BAY,39.50091
2017-01-26,2-NY,20.88991
2017-01-26,4-LA,37.36073
2017-01-26,5-CHI,36.3738
2017-01-26,6-DAL,41.02604
2017-01-26,7-HOU,33.25194
2017-01-26,8-ATL,29.13848
2017-01-26,9-MIA,21.97057
2017-01-25,1-BAY,37.84581
2017-01-25,2-NY,23.14145
2017-01-25,4-LA,41.70344
2017-01-25,5-CHI,28.96538
2017-01-25,6-DAL,47.5563
2017-01-25,7-HOU,32.80074
2017-01-25,8-ATL,24.34193
2017-01-25,9-MIA,21.62509
2017-01-24,1-BAY,36.60471
2017-01-24,2-NY,27.54663
2017-01-24,4-LA,37.35197
2017-01-24,5-CHI,24.40081
2017-01-24,6-DAL,57.17832
2017-01-24,7-HOU,35.01727
2017-01-24,8-ATL,24.11833
2017-01-24,9-MIA,10.26875
2017-01-23,1-BAY,42.85067
2017-01-23,2-NY,30.28455
2017-01-23,4-LA,43.00142
2017-01-23,5-CHI,33.08102
2017-01-23,6-DAL,59.68342
2017-01-23,7-HOU,40.93136
2017-01-23,8-ATL,44.92818
2017-01-23,9-MIA,28.78148
2017-01-22,1-BAY,45.52251
2017-01-22,2-NY,34.37646
2017-01-22,4-LA,31.4142
2017-01-22,5-CHI,36.62613
2017-01-22,6-DAL,45.45474
2017-01-22,7-HOU,24.02202
2017-01-22,8-ATL,34.81773
2017-01-22,9-MIA,27.61933
2017-01-21,1-BAY,38.78661
2017-01-21,2-NY,33.86372
2017-01-21,4-LA,34.18124
2017-01-21,5-CHI,30.87009
2017-01-21,6-DAL,53.21918
2017-01-21,7-HOU,31.33455
2017-01-21,8-ATL,34.83089
2017-01-21,9-MIA,33.09981
2017-01-20,1-BAY,39.27583
2017-01-20,2-NY,23.27285
2017-01-20,4-LA,35.23627
2017-01-20,5-CHI,18.57857
2017-01-20,6-DAL,41.85442
2017-01-20,7-HOU,44.30684
2017-01-20,8-ATL,31.95556
2017-01-20,9-MIA,26.97992
2017-01-19,1-BAY,40.07747
2017-01-19,2-NY,28.07093
2017-01-19,4-LA,40.57412
2017-01-19,5-CHI,22.61005
2017-01-19,6-DAL,46.07662
2017-01-19,7-HOU,27.0007
2017-01-19,8-ATL,26.56583
2017-01-19,9-MIA,19.56116
2017-01-18,1-BAY,35.81017
2017-01-18,2-NY,29.77616
2017-01-18,4-LA,37.26671
2017-01-18,5-CHI,19.07436
2017-01-18,6-DAL,41.28107
2017-01-18,7-HOU,20.64948
2017-01-18,8-ATL,30.96659
2017-01-18,9-MIA,25.29107
2017-01-17,1-BAY,44.40634
2017-01-17,2-NY,29.24751
2017-01-17,4-LA,37.73992
2017-01-17,5-CHI,31.75663
2017-01-17,6-DAL,34.27823
2017-01-17,7-HOU,29.24719
2017-01-17,8-ATL,32.0782
2017-01-17,9-MIA,35.00285
2017-01-16,1-BAY,44.47473
2017-01-16,2-NY,34.08645
2017-01-16,4-LA,27.89989
2017-01-16,5-CHI,41.58053
2017-01-16,6-DAL,33.24769
2017-01-16,7-HOU,57.12981
2017-01-16,8-ATL,35.63215
2017-01-16,9-MIA,36.31185
2017-01-15,1-BAY,44.20955
2017-01-15,2-NY,42.66615
2017-01-15,4-LA,37.76506
2017-01-15,5-CHI,36.58656
2017-01-15,6-DAL,44.39515
2017-01-15,7-HOU,22.85727
2017-01-15,8-ATL,38.89797
2017-01-15,9-MIA,33.25749
2017-01-14,1-BAY,46.11876
2017-01-14,2-NY,30.4872
2017-01-14,4-LA,40.05339
2017-01-14,5-CHI,44.13677
2017-01-14,6-DAL,54.26579
2017-01-14,7-HOU,37.22582
2017-01-14,8-ATL,35.33512
2017-01-14,9-MIA,34.45142
2017-01-13,1-BAY,26.94589
2017-01-13,2-NY,28.6884
2017-01-13,4-LA,32.75782
2017-01-13,5-CHI,35.16933
2017-01-13,6-DAL,27.70339
2017-01-13,7-HOU,36.17604
2017-01-13,8-ATL,23.2854
2017-01-13,9-MIA,42.47522
2017-01-12,1-BAY,32.60008
2017-01-12,2-NY,30.14499
2017-01-12,4-LA,34.31947
2017-01-12,5-CHI,34.65269
2017-01-12,6-DAL,44.11079
2017-01-12,7-HOU,31.75953
2017-01-12,8-ATL,36.66942
2017-01-12,9-MIA,24.39538
2017-01-11,1-BAY,42.90252
2017-01-11,2-NY,20.36189
2017-01-11,4-LA,28.82794
2017-01-11,5-CHI,26.87556
2017-01-11,6-DAL,36.64059
2017-01-11,7-HOU,28.68783
2017-01-11,8-ATL,37.01526
2017-01-11,9-MIA,24.38278
2017-01-10,1-BAY,31.22244
2017-01-10,2-NY,34.53312
2017-01-10,4-LA,39.0719
2017-01-10,5-CHI,24.21877
2017-01-10,6-DAL,22.14579
2017-01-10,7-HOU,33.41204
2017-01-10,8-ATL,53.18288
2017-01-10,9-MIA,44.53429
2017-01-09,1-BAY,46.41706
2017-01-09,2-NY,41.51031
2017-01-09,4-LA,32.92331
2017-01-09,5-CHI,24.33719
2017-01-09,6-DAL,39.56003
2017-01-09,7-HOU,52.39494
2017-01-09,8-ATL,38.11887
2017-01-09,9-MIA,39.68513
2017-01-08,1-BAY,15.99513
2017-01-08,2-NY,66.60278
2017-01-08,4-LA,31.88893
2017-01-08,5-CHI,35.32322
2017-01-08,6-DAL,48.57081
2017-01-08,7-HOU,48.80486
2017-01-08,8-ATL,29.3827
2017-01-08,9-MIA,34.40539
2017-01-07,1-BAY,58.44269
2017-01-07,2-NY,23.07014
2017-01-07,4-LA,47.15851
2017-01-07,5-CHI,32.21232
2017-01-07,6-DAL,63.46003
2017-01-07,7-HOU,40.40265
2017-01-07,8-ATL,28.34853
2017-01-07,9-MIA,39.23855
2017-01-06,1-BAY,48.04929
2017-01-06,2-NY,34.5468
2017-01-06,4-LA,46.58573
2017-01-06,5-CHI,33.81886
2017-01-06,6-DAL,57.93759
2017-01-06,7-HOU,43.25882
2017-01-06,8-ATL,42.87264
2017-01-06,9-MIA,55.07473
2017-01-05,1-BAY,36.72003
2017-01-05,2-NY,37.83155
2017-01-05,4-LA,46.42685
2017-01-05,5-CHI,32.00866
2017-01-05,6-DAL,63.17881
2017-01-05,7-HOU,31.38534
2017-01-05,8-ATL,65.11783
2017-01-05,9-MIA,36.91008
2017-01-04,1-BAY,47.16388
2017-01-04,2-NY,40.65299
2017-01-04,4-LA,44.74792
2017-01-04,5-CHI,31.68752
2017-01-04,6-DAL,54.95673
2017-01-04,7-HOU,57.57946
2017-01-04,8-ATL,52.58427
2017-01-04,9-MIA,32.06515
2017-01-03,1-BAY,54.81049
2017-01-03,2-NY,38.76673
2017-01-03,4-LA,53.14117
2017-01-03,5-CHI,42.43385
2017-01-03,6-DAL,56.76282
2017-01-03,7-HOU,46.57445
2017-01-03,8-ATL,50.55358
2017-01-03,9-MIA,37.86138
2017-01-02,1-BAY,42.96011
2017-01-02,2-NY,43.77774
2017-01-02,4-LA,53.06984
2017-01-02,5-CHI,44.37602
2017-01-02,6-DAL,62.49108
2017-01-02,7-HOU,56.6543
2017-01-02,8-ATL,51.67248
2017-01-02,9-MIA,30.92168
2016-12-31,1-BAY,55.9328
2016-12-31,2-NY,44.6304
2016-12-31,4-LA,28.60379
2016-12-31,5-CHI,36.20311
2016-12-31,6-DAL,51.28448
2016-12-31,7-HOU,40.5726
2016-12-31,8-ATL,47.60559
2016-12-31,9-MIA,36.86146
2016-12-30,1-BAY,48.78454
2016-12-30,2-NY,40.86446
2016-12-30,4-LA,43.77699
2016-12-30,5-CHI,36.81201
2016-12-30,6-DAL,51.67878
2016-12-30,7-HOU,48.86228
2016-12-30,8-ATL,46.97568
2016-12-30,9-MIA,49.65717
2016-12-29,1-BAY,51.27468
2016-12-29,2-NY,27.05556
2016-12-29,4-LA,42.03017
2016-12-29,5-CHI,52.49092
2016-12-29,6-DAL,60.46432
2016-12-29,7-HOU,59.89424
2016-12-29,8-ATL,48.80081
2016-12-29,9-MIA,55.80565
2016-12-28,1-BAY,48.47892
2016-12-28,2-NY,34.84589
2016-12-28,4-LA,40.90248
2016-12-28,5-CHI,34.07384
2016-12-28,6-DAL,55.01562
2016-12-28,7-HOU,57.33046
2016-12-28,8-ATL,46.25899
2016-12-28,9-MIA,51.66335
2016-12-27,1-BAY,45.20609
2016-12-27,2-NY,39.36922
2016-12-27,4-LA,50.41316
2016-12-27,5-CHI,43.66324
2016-12-27,6-DAL,54.25916
2016-12-27,7-HOU,55.38044
2016-12-27,8-ATL,61.39354
2016-12-27,9-MIA,56.30346
2016-12-26,1-BAY,49.59911
2016-12-26,2-NY,48.81061
2016-12-26,4-LA,53.41315
2016-12-26,5-CHI,57.3808
2016-12-26,6-DAL,54.59579
2016-12-26,7-HOU,54.3563
2016-12-26,8-ATL,51.92241
2016-12-26,9-MIA,47.08898
2016-12-24,1-BAY,47.09032
2016-12-24,2-NY,49.46003
2016-12-24,4-LA,51.75043
2016-12-24,5-CHI,55.00906
2016-12-24,6-DAL,56.9177
2016-12-24,7-HOU,48.28741
2016-12-24,8-ATL,53.08483
2016-12-24,9-MIA,49.0718
2016-12-23,1-BAY,59.157
2016-12-23,2-NY,44.4377
2016-12-23,4-LA,54.59114
2016-12-23,5-CHI,73.60067
2016-12-23,6-DAL,63.15106
2016-12-23,7-HOU,57.55063
2016-12-23,8-ATL,46.3003
2016-12-23,9-MIA,49.85085
2016-12-22,1-BAY,58.67846
2016-12-22,2-NY,44.64634
2016-12-22,4-LA,55.85661
2016-12-22,5-CHI,56.85371
2016-12-22,6-DAL,73.26991
2016-12-22,7-HOU,58.34091
2016-12-22,8-ATL,57.72677
2016-12-22,9-MIA,49.06734
2016-12-21,1-BAY,53.91475
2016-12-21,2-NY,40.77079
2016-12-21,4-LA,45.07306
2016-12-21,5-CHI,48.64374
2016-12-21,6-DAL,71.85333
2016-12-21,7-HOU,62.91888
2016-12-21,8-ATL,53.08506
2016-12-21,9-MIA,45.03633
2016-12-20,1-BAY,43.10038
2016-12-20,2-NY,43.38198
2016-12-20,4-LA,51.78479
2016-12-20,5-CHI,50.19197
2016-12-20,6-DAL,63.97361
2016-12-20,7-HOU,68.03845
2016-12-20,8-ATL,46.27034
2016-12-20,9-MIA,48.39261
2016-12-19,1-BAY,49.9337
2016-12-19,2-NY,47.31194
2016-12-19,4-LA,40.55792
2016-12-19,5-CHI,50.95481
2016-12-19,6-DAL,62.1786
2016-12-19,7-HOU,58.54995
2016-12-19,8-ATL,45.13177
2016-12-19,9-MIA,53.24314
2016-12-18,1-BAY,52.40472
2016-12-18,2-NY,61.53127
2016-12-18,4-LA,47.75141
2016-12-18,5-CHI,50.93144
2016-12-18,6-DAL,63.66271
2016-12-18,7-HOU,62.71509
2016-12-18,8-ATL,59.45177
2016-12-18,9-MIA,41.01519
2016-12-17,1-BAY,51.57686
2016-12-17,2-NY,41.51389
2016-12-17,4-LA,58.01298
2016-12-17,5-CHI,51.0813
2016-12-17,6-DAL,60.89039
2016-12-17,7-HOU,57.96717
2016-12-17,8-ATL,54.60581
2016-12-17,9-MIA,37.92081
2016-12-16,1-BAY,47.00781
2016-12-16,2-NY,34.40918
2016-12-16,4-LA,52.41242
2016-12-16,5-CHI,50.68817
2016-12-16,6-DAL,68.24266
2016-12-16,7-HOU,59.37147
2016-12-16,8-ATL,55.04855
2016-12-16,9-MIA,39.81351
2016-12-15,1-BAY,49.30264
2016-12-15,2-NY,36.16807
2016-12-15,4-LA,38.96621
2016-12-15,5-CHI,57.98727
2016-12-15,6-DAL,60.6953
2016-12-15,7-HOU,59.31332
2016-12-15,8-ATL,62.78811
2016-12-15,9-MIA,54.25683
2016-12-14,1-BAY,46.51559
2016-12-14,2-NY,41.63227
2016-12-14,4-LA,46.61686
2016-12-14,5-CHI,31.3846
2016-12-14,6-DAL,60.27496
2016-12-14,7-HOU,42.15955
2016-12-14,8-ATL,53.7859
2016-12-14,9-MIA,39.27303
2016-12-13,1-BAY,44.53261
2016-12-13,2-NY,45.55518
2016-12-13,4-LA,38.78141
2016-12-13,5-CHI,48.38174
2016-12-13,6-DAL,47.09858
2016-12-13,7-HOU,45.95259
2016-12-13,8-ATL,36.13146
2016-12-13,9-MIA,56.00151
2016-12-12,1-BAY,52.12857
2016-12-12,2-NY,35.87251
2016-12-12,4-LA,40.37306
2016-12-12,5-CHI,35.39015
2016-12-12,6-DAL,62.67782
2016-12-12,7-HOU,53.32885
2016-12-12,8-ATL,48.0615
2016-12-12,9-MIA,43.7212
2016-12-11,1-BAY,38.46544
2016-12-11,2-NY,47.70403
2016-12-11,4-LA,43.68617
2016-12-11,5-CHI,41.12369
2016-12-11,6-DAL,64.42639
2016-12-11,7-HOU,55.04881
2016-12-11,8-ATL,38.62957
2016-12-11,9-MIA,37.41481
2016-12-10,1-BAY,54.01158
2016-12-10,2-NY,39.50383
2016-12-10,4-LA,55.53179
2016-12-10,5-CHI,37.64738
2016-12-10,6-DAL,51.92967
2016-12-10,7-HOU,45.85151
2016-12-10,8-ATL,44.20217
2016-12-10,9-MIA,36.33683
2016-12-09,1-BAY,50.61618
2016-12-09,2-NY,40.50932
2016-12-09,4-LA,46.69486
2016-12-09,5-CHI,39.07857
2016-12-09,6-DAL,48.44562
2016-12-09,7-HOU,45.595
2016-12-09,8-ATL,53.31722
2016-12-09,9-MIA,43.17152
2016-12-08,1-BAY,52.26295
2016-12-08,2-NY,44.9815
2016-12-08,4-LA,46.70886
2016-12-08,5-CHI,39.83825
2016-12-08,6-DAL,41.82686
2016-12-08,7-HOU,38.48217
2016-12-08,8-ATL,56.09189
2016-12-08,9-MIA,49.39285
2016-12-07,1-BAY,43.47526
2016-12-07,2-NY,47.81078
2016-12-07,4-LA,36.65854
2016-12-07,5-CHI,41.50026
2016-12-07,6-DAL,44.03652
2016-12-07,7-HOU,53.55566
2016-12-07,8-ATL,53.13113
2016-12-07,9-MIA,45.82444
2016-12-06,1-BAY,45.90536
2016-12-06,2-NY,40.67106
2016-12-06,4-LA,48.36257
2016-12-06,5-CHI,39.47952
2016-12-06,6-DAL,56.68497
2016-12-06,7-HOU,44.58352
2016-12-06,8-ATL,49.34211
2016-12-06,9-MIA,48.31964
2016-12-05,1-BAY,47.0286
2016-12-05,2-NY,38.1938
2016-12-05,4-LA,49.00022
2016-12-05,5-CHI,41.70324
2016-12-05,6-DAL,56.94632
2016-12-05,7-HOU,49.11014
2016-12-05,8-ATL,42.71845
2016-12-05,9-MIA,47.15698
2016-12-04,1-BAY,50.81111
2016-12-04,2-NY,49.13957
2016-12-04,4-LA,42.12042
2016-12-04,5-CHI,50.82722
2016-12-04,6-DAL,54.99016
2016-12-04,7-HOU,61.16878
2016-12-04,8-ATL,54.48017
2016-12-04,9-MIA,47.24284
2016-12-03,1-BAY,57.40135
2016-12-03,2-NY,39.86792
2016-12-03,4-LA,52.6964
2016-12-03,5-CHI,66.32354
2016-12-03,6-DAL,57.41222
2016-12-03,7-HOU,58.10618
2016-12-03,8-ATL,56.38052
2016-12-03,9-MIA,47.29293
2016-12-02,1-BAY,57.22236
2016-12-02,2-NY,49.09797
2016-12-02,4-LA,50.14601
2016-12-02,5-CHI,51.95722
2016-12-02,6-DAL,62.62061
2016-12-02,7-HOU,55.86544
2016-12-02,8-ATL,48.88101
2016-12-02,9-MIA,56.03536
2016-12-01,1-BAY,47.24988
2016-12-01,2-NY,33.49887
2016-12-01,4-LA,46.82337
2016-12-01,5-CHI,47.09153
2016-12-01,6-DAL,59.13754
2016-12-01,7-HOU,53.53188
2016-12-01,8-ATL,64.86035
2016-12-01,9-MIA,46.08149
2016-11-30,1-BAY,53.71333
2016-11-30,2-NY,43.92447
2016-11-30,4-LA,56.94291
2016-11-30,5-CHI,39.44538
2016-11-30,6-DAL,57.28708
2016-11-30,7-HOU,56.35083
2016-11-30,8-ATL,45.41772
2016-11-30,9-MIA,45.82425
2016-11-29,1-BAY,33.06463
2016-11-29,2-NY,30.98308
2016-11-29,4-LA,35.54335
2016-11-29,5-CHI,32.50273
2016-11-29,6-DAL,39.70944
2016-11-29,7-HOU,44.7878
2016-11-29,8-ATL,47.49674
2016-11-29,9-MIA,37.30663
2016-11-28,1-BAY,43.02524
2016-11-28,2-NY,46.86266
2016-11-28,4-LA,46.61226
2016-11-28,5-CHI,37.62511
2016-11-28,6-DAL,58.57128
2016-11-28,7-HOU,55.77208
2016-11-28,8-ATL,33.98655
2016-11-28,9-MIA,43.31511
2016-11-27,1-BAY,41.39727
2016-11-27,2-NY,52.96543
2016-11-27,4-LA,40.26725
2016-11-27,5-CHI,39.93461
2016-11-27,6-DAL,51.24432
2016-11-27,7-HOU,53.23537
2016-11-27,8-ATL,52.68938
2016-11-27,9-MIA,37.60741
2016-11-26,1-BAY,57.45572
2016-11-26,2-NY,31.94138
2016-11-26,4-LA,38.69669
2016-11-26,5-CHI,45.43417
2016-11-26,6-DAL,51.38362
2016-11-26,7-HOU,57.53632
2016-11-26,8-ATL,72.44847
2016-11-26,9-MIA,36.68227
2016-11-25,1-BAY,60.18122
2016-11-25,2-NY,53.37434
2016-11-25,4-LA,48.25156
2016-11-25,5-CHI,58.38665
2016-11-25,6-DAL,67.44454
2016-11-25,7-HOU,55.44316
2016-11-25,8-ATL,53.35692
2016-11-25,9-MIA,42.03107
2016-11-23,1-BAY,41.76833
2016-11-23,2-NY,27.17581
2016-11-23,4-LA,46.40819
2016-11-23,5-CHI,41.56353
2016-11-23,6-DAL,35.70852
2016-11-23,7-HOU,35.27886
2016-11-23,8-ATL,13.2608
2016-11-23,9-MIA,24.8133
2016-11-22,1-BAY,48.90136
2016-11-22,2-NY,26.1614
2016-11-22,4-LA,31.93358
2016-11-22,5-CHI,31.29118
2016-11-22,6-DAL,43.10808
2016-11-22,7-HOU,45.90073
2016-11-22,8-ATL,35.13814
2016-11-22,9-MIA,42.24741
2016-11-21,1-BAY,53.05374
2016-11-21,2-NY,27.81429
2016-11-21,4-LA,35.91264
2016-11-21,5-CHI,37.99063
2016-11-21,6-DAL,49.00437
2016-11-21,7-HOU,28.13627
2016-11-21,8-ATL,30.24204
2016-11-21,9-MIA,30.45077
2016-11-20,1-BAY,55.83514
2016-11-20,2-NY,37.34962
2016-11-20,4-LA,25.88843
2016-11-20,5-CHI,48.67206
2016-11-20,6-DAL,54.86474
2016-11-20,7-HOU,47.01406
2016-11-20,8-ATL,43.20125
2016-11-20,9-MIA,26.86386
2016-11-19,1-BAY,46.44218
2016-11-19,2-NY,31.24022
2016-11-19,4-LA,38.40231
2016-11-19,5-CHI,55.49487
2016-11-19,6-DAL,38.38931
2016-11-19,7-HOU,54.10528
2016-11-19,8-ATL,33.62214
2016-11-19,9-MIA,23.67845
2016-11-18,1-BAY,42.97326
2016-11-18,2-NY,40.22353
2016-11-18,4-LA,30.9984
2016-11-18,5-CHI,53.19304
2016-11-18,6-DAL,32.54059
2016-11-18,7-HOU,39.86026
2016-11-18,8-ATL,41.6992
2016-11-18,9-MIA,36.28091
2016-11-17,1-BAY,23.41949
2016-11-17,2-NY,33.78273
2016-11-17,4-LA,33.27081
2016-11-17,5-CHI,21.5721
2016-11-17,6-DAL,29.65066
2016-11-17,7-HOU,25.84347
2016-11-17,8-ATL,30.38911
2016-11-17,9-MIA,51.22273
2016-11-16,1-BAY,34.95986
2016-11-16,2-NY,28.7807
2016-11-16,4-LA,32.18988
2016-11-16,5-CHI,32.0024
2016-11-16,6-DAL,37.60989
2016-11-16,7-HOU,40.76341
2016-11-16,8-ATL,48.41224
2016-11-16,9-MIA,35.73414
2016-11-15,1-BAY,32.41492
2016-11-15,2-NY,37.68672
2016-11-15,4-LA,32.22155
2016-11-15,5-CHI,29.34431
2016-11-15,6-DAL,43.91062
2016-11-15,7-HOU,31.21638
2016-11-15,8-ATL,32.28968
2016-11-15,9-MIA,49.29438
2016-11-14,1-BAY,39.75675
2016-11-14,2-NY,27.59855
2016-11-14,4-LA,35.5848
2016-11-14,5-CHI,33.05312
2016-11-14,6-DAL,49.22411
2016-11-14,7-HOU,51.59358
2016-11-14,8-ATL,35.84476
2016-11-14,9-MIA,31.40684
2016-11-13,1-BAY,54.47966
2016-11-13,2-NY,26.85379
2016-11-13,4-LA,40.94027
2016-11-13,5-CHI,46.97845
2016-11-13,6-DAL,62.49511
2016-11-13,7-HOU,54.45414
2016-11-13,8-ATL,48.13925
2016-11-13,9-MIA,34.70436
2016-11-12,1-BAY,54.82867
2016-11-12,2-NY,41.13287
2016-11-12,4-LA,45.41727
2016-11-12,5-CHI,51.39028
2016-11-12,6-DAL,52.7435
2016-11-12,7-HOU,37.61317
2016-11-12,8-ATL,58.84903
2016-11-12,9-MIA,35.28003
2016-11-11,1-BAY,47.96381
2016-11-11,2-NY,44.32939
2016-11-11,4-LA,43.79734
2016-11-11,5-CHI,39.67866
2016-11-11,6-DAL,49.02188
2016-11-11,7-HOU,50.00411
2016-11-11,8-ATL,42.34308
2016-11-11,9-MIA,51.59947
2016-11-10,1-BAY,34.88704
2016-11-10,2-NY,38.39687
2016-11-10,4-LA,38.27395
2016-11-10,5-CHI,35.37926
2016-11-10,6-DAL,38.2947
2016-11-10,7-HOU,29.38797
2016-11-10,8-ATL,31.31601
2016-11-10,9-MIA,36.42984
2016-11-09,1-BAY,37.38056
2016-11-09,2-NY,18.88862
2016-11-09,4-LA,23.827
2016-11-09,5-CHI,30.25992
2016-11-09,6-DAL,30.96083
2016-11-09,7-HOU,23.90618
2016-11-09,8-ATL,25.63307
2016-11-09,9-MIA,25.8601
2016-11-08,1-BAY,37.37888
2016-11-08,2-NY,27.03048
2016-11-08,4-LA,38.4314
2016-11-08,5-CHI,30.95893
2016-11-08,6-DAL,49.69482
2016-11-08,7-HOU,27.61887
2016-11-08,8-ATL,53.22472
2016-11-08,9-MIA,28.79954
2016-11-07,1-BAY,40.89134
2016-11-07,2-NY,34.55245
2016-11-07,4-LA,28.33696
2016-11-07,5-CHI,32.79154
2016-11-07,6-DAL,41.43169
2016-11-07,7-HOU,45.65154
2016-11-07,8-ATL,35.43962
2016-11-07,9-MIA,32.4285
2016-11-06,1-BAY,57.27758
2016-11-06,2-NY,46.88652
2016-11-06,4-LA,27.46408
2016-11-06,5-CHI,48.30073
2016-11-06,6-DAL,49.47761
2016-11-06,7-HOU,38.43928
2016-11-06,8-ATL,29.56039
2016-11-06,9-MIA,50.75014
2016-11-05,1-BAY,44.9404
2016-11-05,2-NY,49.16554
2016-11-05,4-LA,45.82875
2016-11-05,5-CHI,50.94641
2016-11-05,6-DAL,57.11282
2016-11-05,7-HOU,48.82726
2016-11-05,8-ATL,55.69965
2016-11-05,9-MIA,32.83043
2016-11-04,1-BAY,51.31109
2016-11-04,2-NY,36.4748
2016-11-04,4-LA,46.3325
2016-11-04,5-CHI,47.40097
2016-11-04,6-DAL,52.98196
2016-11-04,7-HOU,47.52588
2016-11-04,8-ATL,54.79283
2016-11-04,9-MIA,27.25822
2016-11-03,1-BAY,40.37814
2016-11-03,2-NY,33.16797
2016-11-03,4-LA,40.4078
2016-11-03,5-CHI,46.91405
2016-11-03,6-DAL,39.42592
2016-11-03,7-HOU,44.45068
2016-11-03,8-ATL,25.53802
2016-11-03,9-MIA,29.34756
2016-11-02,1-BAY,41.24503
2016-11-02,2-NY,22.45825
2016-11-02,4-LA,39.57713
2016-11-02,5-CHI,28.81634
2016-11-02,6-DAL,44.22532
2016-11-02,7-HOU,30.63672
2016-11-02,8-ATL,37.19759
2016-11-02,9-MIA,23.74691
2016-11-01,1-BAY,47.01911
2016-11-01,2-NY,36.54768
2016-11-01,4-LA,56.18199
2016-11-01,5-CHI,50.37846
2016-11-01,6-DAL,39.40103
2016-11-01,7-HOU,32.15073
2016-11-01,8-ATL,43.26525
2016-11-01,9-MIA,40.29223
2016-10-31,1-BAY,38.22885
2016-10-31,2-NY,24.00145
2016-10-31,4-LA,47.27807
2016-10-31,5-CHI,48.00931
2016-10-31,6-DAL,58.24863
2016-10-31,7-HOU,46.52512
2016-10-31,8-ATL,42.56173
2016-10-31,9-MIA,31.10999
2016-10-30,1-BAY,45.9814
2016-10-30,2-NY,28.53228
2016-10-30,4-LA,26.26037
2016-10-30,5-CHI,68.60404
2016-10-30,6-DAL,52.92292
2016-10-30,7-HOU,50.45169
2016-10-30,8-ATL,48.89062
2016-10-30,9-MIA,38.15115
2016-10-29,1-BAY,49.25685
2016-10-29,2-NY,35.68211
2016-10-29,4-LA,43.10068
2016-10-29,5-CHI,60.20517
2016-10-29,6-DAL,50.79843
2016-10-29,7-HOU,40.47026
2016-10-29,8-ATL,62.96268
2016-10-29,9-MIA,28.99977
2016-10-28,1-BAY,49.6683
2016-10-28,2-NY,39.10103
2016-10-28,4-LA,48.20719
2016-10-28,5-CHI,39.40303
2016-10-28,6-DAL,46.53158
2016-10-28,7-HOU,49.56694
2016-10-28,8-ATL,56.41544
2016-10-28,9-MIA,38.17796
2016-10-27,1-BAY,50.35447
2016-10-27,2-NY,30.33837
2016-10-27,4-LA,53.52353
2016-10-27,5-CHI,36.14682
2016-10-27,6-DAL,59.6605
2016-10-27,7-HOU,50.85533
2016-10-27,8-ATL,48.63106
2016-10-27,9-MIA,43.21073
2016-10-26,1-BAY,46.32624
2016-10-26,2-NY,28.86305
2016-10-26,4-LA,43.68134
2016-10-26,5-CHI,41.11227
2016-10-26,6-DAL,64.47263
2016-10-26,7-HOU,37.93642
2016-10-26,8-ATL,53.78574
2016-10-26,9-MIA,42.79921
2016-10-25,1-BAY,48.31209
2016-10-25,2-NY,43.66402
2016-10-25,4-LA,48.88097
2016-10-25,5-CHI,40.9912
2016-10-25,6-DAL,59.23784
2016-10-25,7-HOU,35.96098
2016-10-25,8-ATL,36.58868
2016-10-25,9-MIA,53.35993
2016-10-24,1-BAY,53.41498
2016-10-24,2-NY,47.39996
2016-10-24,4-LA,42.50988
2016-10-24,5-CHI,52.52864
2016-10-24,6-DAL,64.47507
2016-10-24,7-HOU,38.21891
2016-10-24,8-ATL,47.77456
2016-10-24,9-MIA,41.53
2016-10-23,1-BAY,55.46313
2016-10-23,2-NY,44.23409
2016-10-23,4-LA,59.80481
2016-10-23,5-CHI,62.69725
2016-10-23,6-DAL,59.24023
2016-10-23,7-HOU,40.30734
2016-10-23,8-ATL,44.60524
2016-10-23,9-MIA,43.72616
2016-10-22,1-BAY,68.34847
2016-10-22,2-NY,47.36215
2016-10-22,4-LA,57.32976
2016-10-22,5-CHI,52.50429
2016-10-22,6-DAL,67.55975
2016-10-22,7-HOU,55.71028
2016-10-22,8-ATL,47.62993
2016-10-22,9-MIA,37.83483
2016-10-21,1-BAY,57.59351
2016-10-21,2-NY,47.10738
2016-10-21,4-LA,52.93814
2016-10-21,5-CHI,44.54393
2016-10-21,6-DAL,66.44401
2016-10-21,7-HOU,56.79224
2016-10-21,8-ATL,48.16903
2016-10-21,9-MIA,57.36383
2016-10-20,1-BAY,57.10772
2016-10-20,2-NY,44.6826
2016-10-20,4-LA,43.28024
2016-10-20,5-CHI,44.62336
2016-10-20,6-DAL,54.56167
2016-10-20,7-HOU,44.64101
2016-10-20,8-ATL,51.49871
2016-10-20,9-MIA,46.02477
2016-10-19,1-BAY,42.4437
2016-10-19,2-NY,39.40929
2016-10-19,4-LA,50.09916
2016-10-19,5-CHI,45.35701
2016-10-19,6-DAL,60.46801
2016-10-19,7-HOU,67.55602
2016-10-19,8-ATL,51.26374
2016-10-19,9-MIA,56.86218
2016-10-18,1-BAY,51.30214
2016-10-18,2-NY,41.40351
2016-10-18,4-LA,56.59734
2016-10-18,5-CHI,51.16459
2016-10-18,6-DAL,61.99803
2016-10-18,7-HOU,50.2603
2016-10-18,8-ATL,51.38841
2016-10-18,9-MIA,57.34415
2016-10-17,1-BAY,50.30351
2016-10-17,2-NY,45.97761
2016-10-17,4-LA,52.58266
2016-10-17,5-CHI,60.70656
2016-10-17,6-DAL,65.16702
2016-10-17,7-HOU,56.92837
2016-10-17,8-ATL,51.32956
2016-10-17,9-MIA,52.62172
2016-10-16,1-BAY,52.5221
2016-10-16,2-NY,43.11889
2016-10-16,4-LA,52.7317
2016-10-16,5-CHI,57.61905
2016-10-16,6-DAL,65.49374
2016-10-16,7-HOU,42.88582
2016-10-16,8-ATL,48.92188
2016-10-16,9-MIA,59.48233
2016-10-15,1-BAY,62.19047
2016-10-15,2-NY,56.03724
2016-10-15,4-LA,59.3895
2016-10-15,5-CHI,52.8391
2016-10-15,6-DAL,62.1916
2016-10-15,7-HOU,59.93057
2016-10-15,8-ATL,54.20876
2016-10-15,9-MIA,52.23147
2016-10-14,1-BAY,50.35185
2016-10-14,2-NY,58.40781
2016-10-14,4-LA,56.80179
2016-10-14,5-CHI,40.82279
2016-10-14,6-DAL,68.83284
2016-10-14,7-HOU,60.25145
2016-10-14,8-ATL,69.01206
2016-10-14,9-MIA,60.96157
2016-10-13,1-BAY,44.44819
2016-10-13,2-NY,51.47611
2016-10-13,4-LA,55.39844
2016-10-13,5-CHI,42.15195
2016-10-13,6-DAL,63.73962
2016-10-13,7-HOU,39.80133
2016-10-13,8-ATL,60.2586
2016-10-13,9-MIA,53.38663
2016-10-12,1-BAY,40.37312
2016-10-12,2-NY,50.40199
2016-10-12,4-LA,54.64782
2016-10-12,5-CHI,37.6559
2016-10-12,6-DAL,45.3595
2016-10-12,7-HOU,49.58138
2016-10-12,8-ATL,61.575
2016-10-12,9-MIA,57.05462
2016-10-11,1-BAY,48.02522
2016-10-11,2-NY,46.40789
2016-10-11,4-LA,60.53201
2016-10-11,5-CHI,48.25089
2016-10-11,6-DAL,60.77233
2016-10-11,7-HOU,56.17288
2016-10-11,8-ATL,62.96582
2016-10-11,9-MIA,58.78669
2016-10-10,1-BAY,53.13438
2016-10-10,2-NY,47.4088
2016-10-10,4-LA,54.29166
2016-10-10,5-CHI,55.94761
2016-10-10,6-DAL,57.45869
2016-10-10,7-HOU,55.67948
2016-10-10,8-ATL,44.57929
2016-10-10,9-MIA,64.12359
2016-10-09,1-BAY,46.14195
2016-10-09,2-NY,59.56597
2016-10-09,4-LA,46.40107
2016-10-09,5-CHI,59.45313
2016-10-09,6-DAL,56.97371
2016-10-09,7-HOU,51.80046
2016-10-09,8-ATL,66.93491
2016-10-09,9-MIA,55.85033
2016-10-08,1-BAY,50.4179
2016-10-08,2-NY,41.50788
2016-10-08,4-LA,54.94941
2016-10-08,5-CHI,51.23805
2016-10-08,6-DAL,59.34191
2016-10-08,7-HOU,44.72378
2016-10-08,8-ATL,54.59518
2016-10-08,9-MIA,54.50765
2016-10-07,1-BAY,43.97209
2016-10-07,2-NY,35.13492
2016-10-07,4-LA,60.64064
2016-10-07,5-CHI,44.37482
2016-10-07,6-DAL,57.01428
2016-10-07,7-HOU,55.74786
2016-10-07,8-ATL,47.69134
2016-10-06,1-BAY,45.98845
2016-10-06,2-NY,48.43545
2016-10-06,4-LA,57.50043
2016-10-06,5-CHI,51.886
2016-10-06,6-DAL,49.73921
2016-10-06,7-HOU,47.80708
2016-10-06,8-ATL,51.00196
2016-10-05,1-BAY,47.89616
2016-10-05,2-NY,43.16167
2016-10-05,4-LA,48.15495
2016-10-05,5-CHI,53.1501
2016-10-05,6-DAL,56.63598
2016-10-05,7-HOU,66.65273
2016-10-05,8-ATL,56.16033
2016-10-05,9-MIA,19.89039
2016-10-04,1-BAY,53.14813
2016-10-04,2-NY,42.76147
2016-10-04,4-LA,51.69712
2016-10-04,5-CHI,63.26505
2016-10-04,6-DAL,55.96882
2016-10-04,7-HOU,54.57784
2016-10-04,8-ATL,59.0663
2016-10-04,9-MIA,44.49314
2016-10-03,1-BAY,48.14594
2016-10-03,2-NY,44.27921
2016-10-03,4-LA,45.35075
2016-10-03,5-CHI,58.98644
2016-10-03,6-DAL,41.76854
2016-10-03,7-HOU,60.30372
2016-10-03,8-ATL,51.94244
2016-10-03,9-MIA,52.84563
2016-10-02,1-BAY,44.46314
2016-10-02,2-NY,47.73143
2016-10-02,4-LA,35.23344
2016-10-02,5-CHI,45.44592
2016-10-02,6-DAL,58.8496
2016-10-02,7-HOU,44.45132
2016-10-02,8-ATL,47.48455
2016-10-02,9-MIA,54.94621
2016-10-01,1-BAY,44.16469
2016-10-01,2-NY,50.08897
2016-10-01,4-LA,44.42615
2016-10-01,5-CHI,47.4719
2016-10-01,6-DAL,61.89172
2016-10-01,7-HOU,58.40786
2016-10-01,8-ATL,59.61563
2016-10-01,9-MIA,55.69096
2016-09-30,1-BAY,44.29936
2016-09-30,2-NY,57.43427
2016-09-30,4-LA,47.01841
2016-09-30,5-CHI,47.87715
2016-09-30,6-DAL,50.02976
2016-09-30,7-HOU,41.0381
2016-09-30,8-ATL,49.15156
2016-09-30,9-MIA,42.71913
2016-09-29,1-BAY,45.34638
2016-09-29,2-NY,37.39841
2016-09-29,4-LA,60.63516
2016-09-29,5-CHI,52.20727
2016-09-29,6-DAL,43.10788
2016-09-29,7-HOU,49.87504
2016-09-29,8-ATL,53.8895
2016-09-29,9-MIA,63.38905
2016-09-28,1-BAY,46.4392
2016-09-28,2-NY,38.82381
2016-09-28,4-LA,51.64893
2016-09-28,5-CHI,46.33935
2016-09-28,6-DAL,45.85576
2016-09-28,7-HOU,32.50573
2016-09-28,8-ATL,38.7137
2016-09-28,9-MIA,49.50832
2016-09-27,1-BAY,49.59395
2016-09-27,2-NY,34.59243
2016-09-27,4-LA,50.09422
2016-09-27,5-CHI,42.00952
2016-09-27,6-DAL,54.34217
2016-09-27,7-HOU,38.86321
2016-09-27,8-ATL,37.24438
2016-09-27,9-MIA,57.52427
2016-09-26,1-BAY,50.30034
2016-09-26,2-NY,47.10657
2016-09-26,4-LA,52.93953
2016-09-26,5-CHI,48.85848
2016-09-26,6-DAL,42.08062
2016-09-26,7-HOU,50.17108
2016-09-26,8-ATL,33.27356
2016-09-26,9-MIA,53.46442
2016-09-25,1-BAY,49.78554
2016-09-25,2-NY,50.19267
2016-09-25,4-LA,39.1975
2016-09-25,5-CHI,53.82124
2016-09-25,6-DAL,59.91012
2016-09-25,7-HOU,43.76088
2016-09-25,8-ATL,48.23011
2016-09-25,9-MIA,59.8963
2016-09-24,1-BAY,52.17844
2016-09-24,2-NY,47.18013
2016-09-24,4-LA,53.84724
2016-09-24,5-CHI,59.50659
2016-09-24,6-DAL,65.46636
2016-09-24,7-HOU,46.17014
2016-09-24,8-ATL,51.56822
2016-09-24,9-MIA,43.15513
2016-09-23,1-BAY,43.6478
2016-09-23,2-NY,43.9726
2016-09-23,4-LA,53.37989
2016-09-23,5-CHI,56.114
2016-09-23,6-DAL,49.13615
2016-09-23,7-HOU,42.94877
2016-09-23,8-ATL,33.62774
2016-09-23,9-MIA,41.30784
2016-09-22,1-BAY,28.20009
2016-09-22,2-NY,13.20747
2016-09-22,4-LA,29.08591
2016-09-22,5-CHI,14.08939
2016-09-22,6-DAL,14.38347
2016-09-22,7-HOU,32.17325
2016-09-22,8-ATL,15.68737
2016-09-22,9-MIA,14.88236
2016-09-21,1-BAY,18.09098
2016-09-21,2-NY,15.5098
2016-09-21,4-LA,23.01638
2016-09-21,5-CHI,16.5123
2016-09-21,6-DAL,37.18059
2016-09-21,7-HOU,27.95558
2016-09-21,8-ATL,16.31243
2016-09-21,9-MIA,25.17007
2016-09-20,1-BAY,17.27821
2016-09-20,2-NY,16.08957
2016-09-20,4-LA,18.98083
2016-09-20,5-CHI,19.91874
2016-09-20,6-DAL,47.07931
2016-09-20,7-HOU,29.3997
2016-09-20,8-ATL,27.59909
2016-09-20,9-MIA,32.17167
2016-09-19,1-BAY,19.66421
2016-09-19,2-NY,23.36348
2016-09-19,4-LA,19.84842
2016-09-19,5-CHI,11.22449
2016-09-19,6-DAL,21.48306
2016-09-19,7-HOU,17.04086
2016-09-19,8-ATL,29.3317
2016-09-19,9-MIA,23.33116
2016-09-18,1-BAY,20.83719
2016-09-18,2-NY,18.82564
2016-09-18,4-LA,18.75075
2016-09-18,5-CHI,31.28464
2016-09-18,6-DAL,27.8975
2016-09-18,7-HOU,22.00064
2016-09-18,8-ATL,32.11733
2016-09-18,9-MIA,14.99893
2016-09-17,1-BAY,24.74899
2016-09-17,2-NY,23.00756
2016-09-17,4-LA,22.35581
2016-09-17,5-CHI,39.59159
2016-09-17,6-DAL,46.72591
2016-09-17,7-HOU,33.56061
2016-09-17,8-ATL,25.05927
2016-09-17,9-MIA,21.77535
2016-09-16,1-BAY,19.71737
2016-09-16,2-NY,14.25055
2016-09-16,4-LA,27.8078
2016-09-16,5-CHI,35.40685
2016-09-16,6-DAL,45.51482
2016-09-16,7-HOU,45.67641
2016-09-16,8-ATL,28.46527
2016-09-16,9-MIA,29.08736
2016-09-15,1-BAY,21.40417
2016-09-15,2-NY,29.65093
2016-09-15,4-LA,27.41615
2016-09-15,5-CHI,26.66512
2016-09-15,6-DAL,50.90131
2016-09-15,7-HOU,63.19688
2016-09-15,8-ATL,52.01389
2016-09-14,1-BAY,30.71593
2016-09-14,2-NY,15.7576
2016-09-14,5-CHI,43.81681
2016-09-14,6-DAL,23.85667
2016-09-14,7-HOU,49.55333
2016-09-14,8-ATL,41.67924
2016-09-13,1-BAY,23.06919
2016-09-13,2-NY,27.83148
2016-09-13,4-LA,18.7375
2016-09-13,6-DAL,50.35208
2016-09-13,7-HOU,50.62
2016-09-13,8-ATL,41.81265
2016-09-13,9-MIA,32.61477
2016-09-12,1-BAY,28.80616
2016-09-12,2-NY,27.68395
2016-09-12,4-LA,29.39694
2016-09-12,5-CHI,56.87546
2016-09-12,6-DAL,53.85594
2016-09-12,7-HOU,27.69616
2016-09-12,8-ATL,55.03951
2016-09-12,9-MIA,22.81013
2016-09-11,1-BAY,33.83756
2016-09-11,2-NY,17.17656
2016-09-11,5-CHI,30.91144
2016-09-11,6-DAL,52.60095
2016-09-11,7-HOU,34.08881
2016-09-11,8-ATL,42.4946
2016-09-10,1-BAY,45.02706
2016-09-10,2-NY,23.06414
2016-09-10,4-LA,31.67472
2016-09-10,6-DAL,51.35208
2016-09-10,7-HOU,40.31472
2016-09-10,8-ATL,47.04889
2016-09-10,9-MIA,27.93977
2016-09-09,1-BAY,25.90057
2016-09-09,2-NY,41.24337
2016-09-09,4-LA,65.123
2016-09-09,5-CHI,64.86944
2016-09-09,6-DAL,47.64448
2016-09-09,7-HOU,68.74201
2016-09-09,8-ATL,62.5053
2016-09-09,9-MIA,35.75633
2016-09-08,1-BAY,29.75495
2016-09-08,2-NY,42.14379
2016-09-08,4-LA,30.42861
2016-09-08,5-CHI,51.84173
2016-09-08,6-DAL,44.70362
2016-09-08,7-HOU,39.45581
2016-09-08,8-ATL,38.42921
2016-09-08,9-MIA,31.3601
2016-09-07,1-BAY,43.91471
2016-09-07,2-NY,22.84155
2016-09-07,4-LA,32.94616
2016-09-07,5-CHI,40.75833
2016-09-07,6-DAL,45.42994
2016-09-07,7-HOU,36.43418
2016-09-07,8-ATL,38.49736
2016-09-07,9-MIA,36.19803
2016-09-06,1-BAY,34.57498
2016-09-06,2-NY,36.28751
2016-09-06,4-LA,36.12258
2016-09-06,5-CHI,46.56841
2016-09-06,6-DAL,52.77033
2016-09-06,7-HOU,34.86832
2016-09-06,8-ATL,68.42104
2016-09-06,9-MIA,40.39479
2016-09-04,1-BAY,45.41864
2016-09-04,2-NY,38.43674
2016-09-04,4-LA,42.61412
2016-09-04,5-CHI,25.25868
2016-09-04,6-DAL,48.64731
2016-09-04,7-HOU,27.42031
2016-09-04,8-ATL,28.46709
2016-09-04,9-MIA,38.01256
2016-09-03,1-BAY,32.0993
2016-09-03,2-NY,20.7212
2016-09-03,4-LA,49.19855
2016-09-03,5-CHI,48.88053
2016-09-03,6-DAL,60.11497
2016-09-03,7-HOU,44.67493
2016-09-03,8-ATL,44.58349
2016-09-03,9-MIA,33.52382
2016-09-02,1-BAY,43.05619
2016-09-02,2-NY,26.8148
2016-09-02,4-LA,49.28721
2016-09-02,5-CHI,28.37396
2016-09-02,6-DAL,49.13221
2016-09-02,7-HOU,57.03585
2016-09-02,8-ATL,59.07646
2016-09-02,9-MIA,39.14569
2016-09-01,1-BAY,29.68815
2016-09-01,2-NY,27.02322
2016-09-01,4-LA,32.02429
2016-09-01,5-CHI,36.24892
2016-09-01,6-DAL,36.64205
2016-09-01,7-HOU,45.15819
2016-09-01,8-ATL,36.82157
2016-09-01,9-MIA,45.75017
2016-08-31,1-BAY,32.81547
2016-08-31,2-NY,19.78408
2016-08-31,4-LA,34.7101
2016-08-31,5-CHI,50.08048
2016-08-31,6-DAL,34.28422
2016-08-31,7-HOU,20.13893
2016-08-31,8-ATL,22.29882
2016-08-31,9-MIA,39.78889
2016-08-30,1-BAY,32.71719
2016-08-30,2-NY,26.19296
2016-08-30,4-LA,32.41732
2016-08-30,5-CHI,57.77543
2016-08-30,6-DAL,35.62821
2016-08-30,7-HOU,48.97585
2016-08-30,8-ATL,42.08098
2016-08-30,9-MIA,37.38289
2016-08-29,1-BAY,33.98478
2016-08-29,2-NY,25.50838
2016-08-29,4-LA,36.29082
2016-08-29,5-CHI,54.02055
2016-08-29,6-DAL,53.55612
2016-08-29,7-HOU,54.79397
2016-08-29,8-ATL,35.84979
2016-08-29,9-MIA,41.04818
2016-08-28,1-BAY,42.99296
2016-08-28,2-NY,17.3456
2016-08-28,4-LA,43.71717
2016-08-28,5-CHI,47.1522
2016-08-28,6-DAL,54.55139
2016-08-28,7-HOU,31.5849
2016-08-28,8-ATL,57.84806
2016-08-28,9-MIA,50.14288
2016-08-27,1-BAY,49.35083
2016-08-27,2-NY,20.6973
2016-08-27,4-LA,39.21307
2016-08-27,5-CHI,19.97101
2016-08-27,6-DAL,36.846
2016-08-27,7-HOU,34.52368
2016-08-27,8-ATL,72.46389
2016-08-27,9-MIA,19.60871
2016-08-26,1-BAY,52.18776
2016-08-26,2-NY,38.17902
2016-08-26,4-LA,44.22022
2016-08-26,5-CHI,41.16515
2016-08-26,6-DAL,48.09345
2016-08-26,7-HOU,52.10578
2016-08-26,8-ATL,50.93151
2016-08-26,9-MIA,28.23194
2016-08-25,1-BAY,35.50644
2016-08-25,2-NY,22.1121
2016-08-25,4-LA,43.7708
2016-08-25,5-CHI,47.17753
2016-08-25,6-DAL,36.48381
2016-08-25,7-HOU,35.41988
2016-08-25,8-ATL,33.04859
2016-08-25,9-MIA,34.22289
2016-08-24,1-BAY,28.63475
2016-08-24,2-NY,35.33554
2016-08-24,4-LA,33.30753
2016-08-24,5-CHI,35.99058
2016-08-24,6-DAL,35.77342
2016-08-24,7-HOU,34.45912
2016-08-24,8-ATL,33.15139
2016-08-24,9-MIA,53.96163
2016-08-23,1-BAY,21.55136
2016-08-23,2-NY,33.52522
2016-08-23,4-LA,35.59942
2016-08-23,5-CHI,36.90818
2016-08-23,6-DAL,33.79153
2016-08-23,7-HOU,48.65767
2016-08-23,8-ATL,31.15054
2016-08-23,9-MIA,40.91066
2016-08-22,1-BAY,30.9837
2016-08-22,2-NY,29.48012
2016-08-22,4-LA,36.20215
2016-08-22,5-CHI,45.79159
2016-08-22,6-DAL,38.38056
2016-08-22,7-HOU,33.11327
2016-08-22,8-ATL,40.36892
2016-08-22,9-MIA,43.11778
2016-08-21,1-BAY,50.61214
2016-08-21,2-NY,22.46556
2016-08-21,4-LA,52.44533
2016-08-21,5-CHI,28.18452
2016-08-21,6-DAL,33.59046
2016-08-21,7-HOU,43.0269
2016-08-21,8-ATL,40.83214
2016-08-21,9-MIA,50.34611
2016-08-20,1-BAY,45.74122
2016-08-20,2-NY,36.96094
2016-08-20,4-LA,57.88121
2016-08-20,5-CHI,33.08167
2016-08-20,6-DAL,35.42922
2016-08-20,7-HOU,44.66857
2016-08-20,8-ATL,38.69043
2016-08-20,9-MIA,27.49371
2016-08-19,1-BAY,35.54683
2016-08-19,2-NY,23.42994
2016-08-19,4-LA,31.25806
2016-08-19,5-CHI,39.08591
2016-08-19,6-DAL,29.68546
2016-08-19,7-HOU,45.0959
2016-08-19,8-ATL,55.57623
2016-08-19,9-MIA,36.49991
2016-08-18,1-BAY,29.90342
2016-08-18,2-NY,24.08875
2016-08-18,4-LA,33.82778
2016-08-18,5-CHI,64.24035
2016-08-18,6-DAL,47.51973
2016-08-18,7-HOU,54.3362
2016-08-18,8-ATL,50.77677
2016-08-18,9-MIA,34.6224
2016-08-17,1-BAY,34.66664
2016-08-17,2-NY,21.08434
2016-08-17,4-LA,44.13462
2016-08-17,5-CHI,47.55556
2016-08-17,6-DAL,51.36897
2016-08-17,7-HOU,50.28387
2016-08-17,8-ATL,57.59183
2016-08-17,9-MIA,61.53738
2016-08-16,1-BAY,39.50954
2016-08-16,2-NY,17.29536
2016-08-16,4-LA,42.0822
2016-08-16,5-CHI,37.56615
2016-08-16,6-DAL,51.47157
2016-08-16,7-HOU,53.96088
2016-08-16,8-ATL,72.36316
2016-08-16,9-MIA,49.37241
2016-08-15,1-BAY,45.63316
2016-08-15,2-NY,24.57262
2016-08-15,4-LA,41.29949
2016-08-15,5-CHI,58.33327
2016-08-15,6-DAL,47.04427
2016-08-15,7-HOU,61.7266
2016-08-15,8-ATL,48.95054
2016-08-15,9-MIA,52.58686
2016-08-14,1-BAY,64.85997
2016-08-14,2-NY,29.5552
2016-08-14,4-LA,40.31442
2016-08-14,5-CHI,67.58516
2016-08-14,6-DAL,54.5429
2016-08-14,7-HOU,47.26771
2016-08-14,8-ATL,39.98778
2016-08-14,9-MIA,41.46305
2016-08-13,1-BAY,53.99932
2016-08-13,2-NY,22.4258
2016-08-13,4-LA,60.30683
2016-08-13,5-CHI,66.10018
2016-08-13,6-DAL,51.4084
2016-08-13,7-HOU,69.75127
2016-08-13,8-ATL,48.18857
2016-08-13,9-MIA,67.13086
2016-08-12,1-BAY,37.86038
2016-08-12,2-NY,51.72764
2016-08-12,4-LA,63.07339
2016-08-12,5-CHI,51.14004
2016-08-12,6-DAL,64.42699
2016-08-12,7-HOU,65.1822
2016-08-12,8-ATL,59.57002
2016-08-12,9-MIA,41.15655
2016-08-11,1-BAY,35.06901
2016-08-11,2-NY,15.89787
2016-08-11,4-LA,58.28323
2016-08-11,5-CHI,50.0649
2016-08-11,6-DAL,46.76037
2016-08-11,7-HOU,18.91752
2016-08-11,8-ATL,56.69352
2016-08-11,9-MIA,44.99481
2016-08-10,1-BAY,36.76803
2016-08-10,2-NY,18.06984
2016-08-10,4-LA,52.27813
2016-08-10,5-CHI,50.52919
2016-08-10,6-DAL,44.3848
2016-08-10,7-HOU,26.8062
2016-08-10,8-ATL,56.98121
2016-08-10,9-MIA,31.33621
2016-08-09,1-BAY,32.8349
2016-08-09,2-NY,22.78634
2016-08-09,4-LA,36.65696
2016-08-09,5-CHI,46.26222
2016-08-09,6-DAL,51.02951
2016-08-09,7-HOU,37.08007
2016-08-09,8-ATL,59.76222
2016-08-09,9-MIA,23.70202
2016-08-08,1-BAY,53.47483
2016-08-08,2-NY,32.5897
2016-08-08,4-LA,43.1821
2016-08-08,5-CHI,64.14931
2016-08-08,7-HOU,9.22634
2016-08-08,8-ATL,66.53086
2016-08-07,1-BAY,52.41957
2016-08-07,2-NY,32.29974
2016-08-07,4-LA,38.3523
2016-08-07,6-DAL,46.59861
2016-08-06,1-BAY,42.88537
2016-08-06,2-NY,47.81674
2016-08-06,4-LA,34.67398
2016-08-06,5-CHI,19.87963
2016-08-06,6-DAL,63.22879
2016-08-05,1-BAY,53.16341
2016-08-05,2-NY,43.75878
2016-08-05,4-LA,49.81169
2016-08-05,5-CHI,25.3373
2016-08-05,6-DAL,36.67906
2016-08-05,7-HOU,49.95833
2016-08-05,8-ATL,31.32275
2016-08-05,9-MIA,28.92424
2016-08-04,1-BAY,44.25823
2016-08-04,2-NY,25.40932
2016-08-04,4-LA,52.20179
2016-08-04,5-CHI,36.40278
2016-08-04,6-DAL,34.67222
2016-08-04,7-HOU,44.73611
2016-08-04,8-ATL,36.59829
2016-08-04,9-MIA,33.75833
2016-08-03,1-BAY,35.09191
2016-08-03,2-NY,29.46285
2016-08-03,4-LA,42.96442
2016-08-03,5-CHI,49.57449
2016-08-03,6-DAL,16.21296
2016-08-03,7-HOU,43.70139
2016-08-03,8-ATL,37.26389
2016-08-03,9-MIA,33.55208
2016-08-02,1-BAY,33.24983
2016-08-02,2-NY,30.34809
2016-08-02,4-LA,29.61728
2016-08-02,5-CHI,52.19213
2016-08-02,6-DAL,38.78793
2016-08-01,1-BAY,35.81688
2016-08-01,2-NY,25.28867
2016-08-01,4-LA,35.0866
2016-08-01,5-CHI,86.18519
2016-08-01,6-DAL,36.45509
